{
  "logs": [
    {
      "message": "jkkhjk",
      "attention": true,
      "tech": "jaanu A",
      "date": "2020-05-05T08:19:36.541Z",
      "id": 1
    },
    {
      "message": "Hello",
      "attention": false,
      "tech": "QWER",
      "date": "2020-05-05T08:19:36.541Z",
      "id": 2
    },
    {
      "message": "Hi how are you",
      "attention": true,
      "tech": "Bindu",
      "date": "2020-05-17T09:42:42.392Z",
      "id": "12"
    },
    {
      "message": "Hi how are you",
      "tech": "mko",
      "date": "2020-05-17T09:51:19.740Z",
      "id": "33"
    },
    {
      "message": "Hi how are you",
      "date": "2020-05-18T05:50:36.815Z",
      "id": "987"
    },
    {
      "message": "yippie",
      "attention": true,
      "date": "2020-05-18T05:51:59.369Z",
      "id": "0987"
    },
    {
      "message": "yippie",
      "attention": true,
      "tech": "abc",
      "date": "2020-05-18T06:24:03.212Z",
      "id": "89"
    }
  ],
  "techs": [
    {
      "firstName": "jaanu",
      "lastName": "A",
      "id": 1
    },
    {
      "firstName": "Anu",
      "lastName": "aaa",
      "id": 2
    },
    {
      "firstName": "Manu",
      "lastName": "tae",
      "id": 3
    },
    {
      "firstName": "Seema",
      "lastName": "qaz",
      "id": 4
    },
    {
      "firstName": "Bindu",
      "lastName": "Tangirala",
      "id": "007"
    },
    {
      "firstName": "shravan",
      "lastName": "kolanupaka",
      "id": "003"
    },
    {
      "firstName": "jaanu",
      "lastName": "veera",
      "id": "002"
    }
  ]
}