{
  "logs": [
    {
      "message": "hello",
      "attention": false,
      "tech": "Bindu",
      "date": " 21-05-2020",
      "id": 1
    },
    {
      "message": "Gudmng",
      "attention": false,
      "tech": "jaanu",
      "date": " 21-05-2020",
      "id": 2
    },
    {
      "message": "Alert",
      "attention": true,
      "tech": "Manu",
      "date": " 21-05-2020",
      "id": 3
    },
    {
      "message": "Redzone",
      "attention": true,
      "tech": "Anu",
      "date": " 21-05-2020",
      "id": 4
    },
    {
      "message": "Yippie",
      "attention": true,
      "tech": "Shinchan",
      "date": " 21-05-2020",
      "id": 5
    },
    {
      "message": "Bow-Bow",
      "attention": false,
      "tech": "Sheero",
      "date": " 21-05-2020",
      "id": 6
    }
  ],


  "techs": [
    {
      "firstName": "Seema",
      "lastName": "qaz",
      "id": 4
    },
    {
      "firstName": "Bindu",
      "lastName": "Tangirala",
      "id": "007"
    },
    {
      "firstName": "shravan",
      "lastName": "kolanupaka",
      "id": "003"
    },
    {
      "firstName": "jaanu",
      "lastName": "veera",
      "id": "002"
    }
  ]
}